{"cameraMode":{"drawMode":0,"name":"Shaded","section":"Shading Mode"},"sceneLighting":false,"audioPlay":false,"sceneViewState":{"showFog":true,"showMaterialUpdate":false,"showSkybox":false,"showFlares":true,"showImageEffects":true,"showParticleSystems":true},"in2DMode":false,"pivot":{"x":-41.85057067871094,"y":1.25,"z":-40.54999923706055},"rotation":{"x":-0.4334504008293152,"y":0.041070446372032168,"z":-0.019773665815591813,"w":-0.9000431895256043},"size":2.1650664806365969,"orthographic":false}